open_time,open,high,low,close,volume,close_time,quote_asset_volume,num_trades,taker_buy_base_asset_volume,taker_buy_quote_asset_volume,ignore
2024-06-15,66043.99000000,66478.48000000,65857.10000000,66228.25000000,11451.80242000,2024-06-15 23:59:59.999,758175888.02833720,700886,5495.02083000,363796116.45357520,0
2024-06-16,66228.25000000,66998.70000000,66034.50000000,66676.87000000,9392.52223000,2024-06-16 23:59:59.999,624653672.61385750,703295,4750.05166000,315940653.99261210,0
2024-06-17,66676.86000000,67298.81000000,65130.00000000,66504.33000000,27386.16851000,2024-06-17 23:59:59.999,1812061226.75656550,1542620,13716.89431000,907703353.53049530,0
2024-06-18,66504.33000000,66588.23000000,64060.00000000,65175.32000000,42350.10244000,2024-06-18 23:59:59.999,2755141806.03109010,2151711,20076.41361000,1305946733.58928080,0
2024-06-19,65175.32000000,65727.54000000,64666.00000000,64974.37000000,20060.79576000,2024-06-19 23:59:59.999,1307731953.95453160,1078458,10289.78180000,670875724.31372840,0
2024-06-20,64974.37000000,66482.94000000,64559.15000000,64869.99000000,24265.29031000,2024-06-20 23:59:59.999,1584896152.16637010,1282687,11828.87934000,772646071.21699650,0
2024-06-21,64869.99000000,65066.66000000,63379.35000000,64143.56000000,25993.56442000,2024-06-21 23:59:59.999,1665541539.70861590,1362617,12543.25960000,803462610.69190860,0
2024-06-22,64143.56000000,64546.81000000,63943.82000000,64262.01000000,7308.95542000,2024-06-22 23:59:59.999,470027247.34020830,562832,3756.29045000,241583895.45436180,0
2024-06-23,64262.01000000,64521.00000000,63178.32000000,63210.01000000,8224.45447000,2024-06-23 23:59:59.999,526848525.00294520,592759,3974.67964000,254685735.53387730,0
2024-06-24,63210.01000000,63369.80000000,58402.00000000,60293.30000000,52161.35414000,2024-06-24 23:59:59.999,3180853460.92475080,2190787,24495.59428000,1493633137.52665430,0
2024-06-25,60293.30000000,62420.00000000,60257.06000000,61806.01000000,31189.24361000,2024-06-25 23:59:59.999,1914901308.84587010,1277481,15360.08458000,943071608.51094150,0
2024-06-26,61806.01000000,62487.81000000,60712.00000000,60864.99000000,22485.66463000,2024-06-26 23:59:59.999,1381716993.35549190,1112152,11435.02653000,702676210.43654810,0
2024-06-27,60864.98000000,62389.22000000,60606.63000000,61706.47000000,18344.28631000,2024-06-27 23:59:59.999,1126705164.78289200,1062176,9298.26500000,570914131.05718340,0
2024-06-28,61706.46000000,62225.31000000,60063.00000000,60427.84000000,24821.19255000,2024-06-28 23:59:59.999,1519872032.02663600,1479626,12661.53908000,775499790.79123460,0
2024-06-29,60427.84000000,61224.00000000,60383.77000000,60986.68000000,11509.55904000,2024-06-29 23:59:59.999,701345872.48811430,767669,5461.68911000,332791254.69089930,0
2024-06-30,60986.68000000,63058.76000000,60712.21000000,62772.01000000,17326.30136000,2024-06-30 23:59:59.999,1070250012.54466050,1108912,8224.44601000,508208752.08569870,0
2024-07-01,62772.01000000,63861.76000000,62497.20000000,62899.99000000,24547.10538000,2024-07-01 23:59:59.999,1550980813.67013450,1461508,12388.60654000,782785773.83555930,0
2024-07-02,62900.00000000,63288.83000000,61806.28000000,62135.47000000,18573.11875000,2024-07-02 23:59:59.999,1160792332.61755960,1308816,9453.17931000,590763216.57998250,0
2024-07-03,62135.46000000,62285.94000000,59400.00000000,60208.58000000,32160.11127000,2024-07-03 23:59:59.999,1945901232.90665710,1839372,15055.45492000,910631739.67384830,0
2024-07-04,60208.57000000,60498.19000000,56771.00000000,57050.01000000,54568.77276000,2024-07-04 23:59:59.999,3168619756.24364850,2523236,24982.98822000,1450509608.68042170,0
2024-07-05,57050.02000000,57546.00000000,53485.93000000,56628.79000000,81348.24756000,2024-07-05 23:59:59.999,4515040083.53651490,3749255,37926.65162000,2104682004.51668210,0
2024-07-06,56628.79000000,58475.00000000,56018.00000000,58230.13000000,21651.31558000,2024-07-06 23:59:59.999,1235398733.43570290,1411065,11083.50401000,632724011.54747280,0
2024-07-07,58230.13000000,58449.46000000,55724.37000000,55857.81000000,19118.93918000,2024-07-07 23:59:59.999,1094135752.45286890,1289229,9081.66872000,519830378.93556300,0
2024-07-08,55857.81000000,58236.73000000,54260.16000000,56714.62000000,48090.20490000,2024-07-08 23:59:59.999,2699942701.37551110,2554389,23963.90684000,1346497811.21179220,0
2024-07-09,56714.61000000,58296.00000000,56289.45000000,58050.00000000,27732.20788000,2024-07-09 23:59:59.999,1592351321.65538700,1757693,14143.25001000,812249336.74934340,0
2024-07-10,58050.00000000,59470.00000000,57157.79000000,57725.85000000,24951.73799000,2024-07-10 23:59:59.999,1452293495.65014880,1766696,12423.53162000,723209557.64967550,0
2024-07-11,57725.85000000,59650.00000000,57050.00000000,57339.89000000,29761.05735000,2024-07-11 23:59:59.999,1728929618.05838440,2157661,15019.30135000,872986677.11952730,0
2024-07-12,57339.89000000,58526.68000000,56542.47000000,57889.10000000,23652.45690000,2024-07-12 23:59:59.999,1360201319.07615040,1749738,11488.82545000,661028735.66443120,0
2024-07-13,57889.09000000,59850.00000000,57756.63000000,59204.02000000,15357.74519000,2024-07-13 23:59:59.999,900429281.14823270,1114391,7889.36244000,462600767.86107760,0
2024-07-14,59204.01000000,61420.69000000,59194.01000000,60797.91000000,21178.33907000,2024-07-14 23:59:59.999,1273562988.61117610,1456088,10479.46025000,630300143.25984630,0
2024-07-15,60797.91000000,64900.00000000,60632.30000000,64724.14000000,38690.97820000,2024-07-15 23:59:59.999,2435540879.02893340,2600425,19076.54212000,1201411783.66660390,0
2024-07-16,64724.06000000,65388.97000000,62373.24000000,65043.99000000,42530.52915000,2024-07-16 23:59:59.999,2725231969.28845080,2484783,21595.04799000,1384337933.33100270,0
2024-07-17,65044.00000000,66128.63000000,63854.00000000,64087.99000000,29567.52954000,2024-07-17 23:59:59.999,1922412273.08820950,1868671,14616.17013000,950725865.58566080,0
2024-07-18,64087.99000000,65133.30000000,63238.48000000,63987.92000000,22568.72250000,2024-07-18 23:59:59.999,1449872437.64979730,1696742,11288.35191000,725073622.70567400,0
2024-07-19,63987.92000000,67386.00000000,63300.67000000,66660.00000000,35634.72739000,2024-07-19 23:59:59.999,2331517674.36865920,2184889,17971.06949000,1176753281.03832610,0
2024-07-20,66660.01000000,67598.00000000,66222.46000000,67139.96000000,14386.92434000,2024-07-20 23:59:59.999,961878801.84822110,995093,6868.63454000,459313955.25348910,0
2024-07-21,67139.97000000,68366.66000000,65777.00000000,68165.34000000,21819.11191000,2024-07-21 23:59:59.999,1465757867.97474330,1322942,11412.05459000,766856991.84253770,0
2024-07-22,68165.35000000,68474.55000000,66559.97000000,67532.01000000,21451.04303000,2024-07-22 23:59:59.999,1448418369.84670970,1558140,10263.95040000,693063991.11910680,0
2024-07-23,67532.00000000,67750.98000000,65441.08000000,65936.01000000,31406.15316000,2024-07-23 23:59:59.999,2088544473.32350770,1772089,15168.84798000,1008794779.03899120,0
2024-07-24,65936.00000000,67102.01000000,65111.00000000,65376.00000000,23082.56277000,2024-07-24 23:59:59.999,1526490826.46699670,1391053,10827.75551000,716084205.20164140,0
2024-07-25,65376.01000000,66175.49000000,63456.70000000,65799.95000000,35126.42934000,2024-07-25 23:59:59.999,2266419771.22486380,1830360,16579.45258000,1070150879.36395480,0
2024-07-26,65799.95000000,68200.00000000,65722.63000000,67907.99000000,24244.36023000,2024-07-26 23:59:59.999,1630839588.69665470,1406982,12444.52129000,837159298.56635020,0
2024-07-27,67908.00000000,69399.99000000,66650.00000000,67896.50000000,31710.21921000,2024-07-27 23:59:59.999,2162335067.02341760,1690591,15838.92820000,1080427116.19164440,0
2024-07-28,67896.49000000,68318.43000000,67066.66000000,68249.88000000,10868.69394000,2024-07-28 23:59:59.999,736755676.13774510,821210,5403.48694000,366295409.63502700,0
2024-07-29,68249.88000000,70079.99000000,66428.00000000,66784.69000000,36467.29633000,2024-07-29 23:59:59.999,2499265962.09145500,1952812,18196.23316000,1248743452.55767880,0
2024-07-30,66784.68000000,67000.00000000,65302.67000000,66188.00000000,23132.25441000,2024-07-30 23:59:59.999,1533270724.79942100,1622083,11096.82554000,735708436.02368670,0
2024-07-31,66188.00000000,66849.24000000,64530.00000000,64628.00000000,22625.43905000,2024-07-31 23:59:59.999,1489443332.59601170,1609976,10818.48504000,712275323.70693700,0
2024-08-01,64628.01000000,65659.78000000,62302.00000000,65354.02000000,35542.26854000,2024-08-01 23:59:59.999,2270877792.65867990,2397257,16886.93292000,1079221072.75802780,0
2024-08-02,65354.02000000,65596.14000000,61230.01000000,61498.33000000,38820.42937000,2024-08-02 23:59:59.999,2469588785.69815740,2457735,18202.35794000,1158565579.09029100,0
2024-08-03,61498.34000000,62198.22000000,59850.00000000,60697.99000000,28034.71567000,2024-08-03 23:59:59.999,1711555901.18010990,1669555,12947.95791000,790701622.63757370,0
2024-08-04,60697.99000000,61117.63000000,57122.77000000,58161.00000000,31616.52003000,2024-08-04 23:59:59.999,1874490041.54373530,1886195,14556.62470000,863334319.96789840,0
2024-08-05,58161.00000000,58305.59000000,49000.00000000,54018.81000000,162065.59186000,2024-08-05 23:59:59.999,8580928177.42990090,7568497,77363.26323000,4097736999.06792360,0
2024-08-06,54018.82000000,57040.99000000,53950.00000000,56022.01000000,55884.77676000,2024-08-06 23:59:59.999,3119018848.32988790,3433824,27934.19288000,1559417942.64908360,0
2024-08-07,56022.00000000,57736.05000000,54558.62000000,55134.16000000,44269.37684000,2024-08-07 23:59:59.999,2490553853.60258280,2397504,21897.14983000,1232415104.44728570,0
2024-08-08,55133.76000000,62745.14000000,54730.00000000,61685.99000000,48349.52949000,2024-08-08 23:59:59.999,2836312292.43181820,2603042,25676.29533000,1508140014.00051670,0
2024-08-09,61686.00000000,61744.37000000,59535.00000000,60837.99000000,30972.48017000,2024-08-09 23:59:59.999,1878350555.51226330,1827809,15023.05073000,911225295.62634360,0
2024-08-10,60837.99000000,61470.58000000,60242.00000000,60923.51000000,9995.20621000,2024-08-10 23:59:59.999,607372221.24603980,800499,4893.63854000,297435046.00250790,0
2024-08-11,60923.51000000,61858.00000000,58286.73000000,58712.59000000,19189.84512000,2024-08-11 23:59:59.999,1152081498.15677740,1319469,9094.74521000,546165456.95507360,0
2024-08-12,58712.59000000,60711.09000000,57642.21000000,59346.64000000,37009.91743000,2024-08-12 23:59:59.999,2186851067.31658610,2293837,18279.26596000,1080368631.14278460,0
2024-08-13,59346.64000000,61578.10000000,58392.88000000,60587.15000000,27858.95851000,2024-08-13 23:59:59.999,1668247896.84771860,1713485,13647.22341000,817397824.22938570,0
2024-08-14,60587.16000000,61800.00000000,58433.18000000,58683.39000000,28422.76326000,2024-08-14 23:59:59.999,1705464263.50586500,1729342,13263.89620000,796386901.36411660,0
2024-08-15,58683.39000000,59849.38000000,56078.54000000,57541.06000000,37686.17622000,2024-08-15 23:59:59.999,2194915865.05222870,2507858,17255.22311000,1005337423.72642390,0
2024-08-16,57541.05000000,59817.76000000,57098.62000000,58874.60000000,27610.84344000,2024-08-16 23:59:59.999,1614654900.33327160,1999539,13963.51824000,816740633.54544620,0
2024-08-17,58874.59000000,59700.00000000,58785.05000000,59491.99000000,7721.72931000,2024-08-17 23:59:59.999,457737705.77228390,807159,3871.65310000,229477473.80983910,0
2024-08-18,59491.99000000,60284.99000000,58408.92000000,58427.35000000,13634.85717000,2024-08-18 23:59:59.999,813166580.72648510,1099730,6660.58254000,397459480.87198230,0
2024-08-19,58427.35000000,59617.63000000,57787.30000000,59438.50000000,22809.31251000,2024-08-19 23:59:59.999,1336287900.19763400,1636295,11350.30776000,665066212.75953550,0
2024-08-20,59438.50000000,61400.00000000,58548.23000000,59013.80000000,31477.44548000,2024-08-20 23:59:59.999,1890620149.79102020,1904519,16041.22019000,964180516.15293990,0
2024-08-21,59013.80000000,61820.93000000,58783.47000000,61156.03000000,27983.64220000,2024-08-21 23:59:59.999,1682529555.09605460,1981525,14156.90984000,851829721.39945480,0
2024-08-22,61156.03000000,61400.00000000,59724.87000000,60375.84000000,21241.20588000,2024-08-22 23:59:59.999,1288544247.95601750,1718280,10269.33376000,623042041.07817350,0
2024-08-23,60375.83000000,64955.00000000,60342.14000000,64037.24000000,38118.07089000,2024-08-23 23:59:59.999,2375916932.79354870,2555682,20372.88336000,1270318490.02577540,0
2024-08-24,64037.24000000,64494.50000000,63531.00000000,64157.01000000,15857.15616000,2024-08-24 23:59:59.999,1015774255.17407640,1551856,7643.02686000,489673236.65980020,0
2024-08-25,64157.02000000,65000.00000000,63773.27000000,64220.00000000,12305.47977000,2024-08-25 23:59:59.999,789935122.99302420,1263065,6315.72233000,405555580.86044380,0
2024-08-26,64219.99000000,64481.00000000,62800.00000000,62834.00000000,19470.05276000,2024-08-26 23:59:59.999,1238341818.43201660,2152841,8995.67609000,572188217.62956750,0
2024-08-27,62834.00000000,63212.00000000,58034.01000000,59415.00000000,35135.94178000,2024-08-27 23:59:59.999,2158144642.99299270,2995281,15873.15360000,975361314.87765910,0
2024-08-28,59415.00000000,60234.98000000,57860.00000000,59034.90000000,36868.54275000,2024-08-28 23:59:59.999,2183054412.97408700,3664134,17135.91162000,1014904733.06851290,0
2024-08-29,59034.90000000,61166.99000000,58713.09000000,59359.01000000,27020.90743000,2024-08-29 23:59:59.999,1617931684.25857600,2743900,13152.38590000,787682410.35188690,0
2024-08-30,59359.00000000,59944.07000000,57701.10000000,59123.99000000,28519.32195000,2024-08-30 23:59:59.999,1680918972.46584970,2845696,13783.34749000,812769089.28498120,0
2024-08-31,59123.99000000,59462.38000000,58744.00000000,58973.99000000,8798.40900000,2024-08-31 23:59:59.999,519849184.86904460,895944,4195.93079000,247955494.35915920,0
2024-09-01,58974.00000000,59076.59000000,57201.00000000,57301.86000000,20705.15741000,2024-09-01 23:59:59.999,1202176847.39105850,2153180,9651.50531000,560452387.89854740,0
2024-09-02,57301.77000000,59425.69000000,57128.00000000,59132.13000000,22895.01461000,2024-09-02 23:59:59.999,1333092369.44656860,1966119,11295.25452000,657496577.63048030,0
2024-09-03,59132.12000000,59809.65000000,57415.00000000,57487.73000000,22828.18447000,2024-09-03 23:59:59.999,1335076815.85992480,2208758,10979.79204000,642252673.11321130,0
2024-09-04,57487.74000000,58519.00000000,55606.00000000,57970.90000000,35560.82146000,2024-09-04 23:59:59.999,2027630870.17967540,3177549,16861.75483000,961923197.77825300,0
2024-09-05,57970.90000000,58327.07000000,55643.65000000,56180.00000000,27806.91413000,2024-09-05 23:59:59.999,1577770853.10079750,3368058,12955.88970000,734996919.35909540,0
2024-09-06,56180.00000000,57008.00000000,52550.00000000,53962.97000000,54447.76826000,2024-09-06 23:59:59.999,2988914918.92433420,5287281,25325.18849000,1390546230.88109310,0
2024-09-07,53962.97000000,54850.00000000,53745.54000000,54160.86000000,16694.04774000,2024-09-07 23:59:59.999,905693342.58983220,1920923,8023.90683000,435381439.00959560,0
2024-09-08,54160.86000000,55318.00000000,53629.01000000,54869.95000000,16274.14779000,2024-09-08 23:59:59.999,885743172.91847590,1796092,8031.76084000,437221897.11041520,0
2024-09-09,54869.95000000,58088.00000000,54591.96000000,57042.00000000,32384.51737000,2024-09-09 23:59:59.999,1809715390.04932940,3355912,16412.83148000,917669512.22202930,0
2024-09-10,57042.01000000,58044.36000000,56386.40000000,57635.99000000,23626.78126000,2024-09-10 23:59:59.999,1349365460.09005710,2843148,11690.37506000,667774722.69939110,0
2024-09-11,57635.99000000,57981.71000000,55545.19000000,57338.00000000,33026.56757000,2024-09-11 23:59:59.999,1875738697.37841530,4045103,15979.30786000,907634258.56498910,0
2024-09-12,57338.00000000,58588.00000000,57324.00000000,58132.32000000,31074.40631000,2024-09-12 23:59:59.999,1802848638.07570170,3706764,14783.00418000,857572456.51008690,0
2024-09-13,58132.31000000,60625.00000000,57632.62000000,60498.00000000,29825.23333000,2024-09-13 23:59:59.999,1760671733.54929960,3378012,15395.13731000,909141733.97476540,0
2024-09-14,60497.99000000,60610.45000000,59400.00000000,59993.03000000,12137.90901000,2024-09-14 23:59:59.999,728527024.34169630,1288784,5570.22098000,334303099.74321360,0
2024-09-15,59993.02000000,60395.80000000,58691.05000000,59132.00000000,13757.92361000,2024-09-15 23:59:59.999,822410872.39069560,1552950,6431.24697000,384460724.57039670,0
2024-09-16,59132.00000000,59210.70000000,57493.30000000,58213.99000000,26477.56420000,2024-09-16 23:59:59.999,1543273198.70274520,3145152,12859.75840000,749563220.80605080,0
2024-09-17,58213.99000000,61320.00000000,57610.01000000,60313.99000000,33116.25878000,2024-09-17 23:59:59.999,1983378424.77570380,3918209,16390.65993000,981860543.27358150,0
2024-09-18,60313.99000000,61786.24000000,59174.80000000,61759.99000000,36087.02469000,2024-09-18 23:59:59.999,2174000496.82077610,5167671,18429.59712000,1110622778.75108520,0
2024-09-19,61759.98000000,63850.00000000,61555.00000000,62947.99000000,34332.52608000,2024-09-19 23:59:59.999,2153175931.17387170,4438284,17609.62958000,1104427424.52469690,0
2024-09-20,62948.00000000,64133.32000000,62350.00000000,63201.05000000,25466.37794000,2024-09-20 23:59:59.999,1611195963.99080440,3969296,12411.32227000,785440558.81257280,0
2024-09-21,63201.05000000,63559.90000000,62758.00000000,63348.96000000,8375.34608000,2024-09-21 23:59:59.999,528657852.31830240,1283611,3877.73743000,244802615.78455930,0
2024-09-22,63348.97000000,64000.00000000,62357.93000000,63578.76000000,14242.19892000,2024-09-22 23:59:59.999,897477338.37351270,2145736,6923.17369000,436456231.95378810,0
2024-09-23,63578.76000000,64745.88000000,62538.75000000,63339.99000000,24078.05287000,2024-09-23 23:59:59.999,1531015038.36802670,3999187,12331.07643000,784350440.71456530,0
2024-09-24,63339.99000000,64688.00000000,62700.00000000,64262.70000000,23185.04759000,2024-09-24 23:59:59.999,1472720338.85629160,3870157,11522.89363000,732118662.41710540,0
2024-09-25,64262.70000000,64817.99000000,62947.08000000,63152.01000000,17813.11168000,2024-09-25 23:59:59.999,1135250828.27321490,3355531,8384.67983000,534590429.21054930,0
2024-09-26,63152.01000000,65839.00000000,62670.00000000,65173.99000000,28373.30593000,2024-09-26 23:59:59.999,1831204595.94489680,4361333,15041.98860000,971176161.38708060,0
2024-09-27,65173.99000000,66498.00000000,64819.90000000,65769.95000000,22048.80487000,2024-09-27 23:59:59.999,1448852210.36022120,3498529,11092.85716000,729156061.36792320,0
2024-09-28,65769.95000000,66260.00000000,65422.23000000,65858.00000000,9127.23316000,2024-09-28 23:59:59.999,600118483.12225210,1341703,4501.22534000,296026669.83370660,0
2024-09-29,65858.00000000,66076.12000000,65432.00000000,65602.01000000,8337.74111000,2024-09-29 23:59:59.999,547980013.71523030,1413449,4132.93780000,271622295.35352910,0
2024-09-30,65602.01000000,65618.80000000,62856.30000000,63327.59000000,30011.08752000,2024-09-30 23:59:59.999,1920250261.74421610,3978584,14451.93044000,924324016.73584480,0
2024-10-01,63327.60000000,64130.63000000,60164.00000000,60805.78000000,43671.48108000,2024-10-01 23:59:59.999,2723672081.83262550,5607069,20951.74486000,1308603194.33104010,0
2024-10-02,60804.92000000,62390.31000000,60000.00000000,60649.28000000,31534.70118000,2024-10-02 23:59:59.999,1928377637.83678390,5313210,15719.32519000,961468320.51547270,0
2024-10-03,60649.27000000,61477.19000000,59828.11000000,60752.71000000,26221.43472000,2024-10-03 23:59:59.999,1590773866.80744340,5244004,12906.51464000,783073701.73311730,0
2024-10-04,60752.72000000,62484.85000000,60459.90000000,62086.00000000,21294.65994000,2024-10-04 23:59:59.999,1311145630.50204980,3798631,10689.34488000,658151113.93518280,0
2024-10-05,62086.00000000,62370.56000000,61689.26000000,62058.00000000,7807.46141000,2024-10-05 23:59:59.999,484588468.34191230,1183175,3690.55536000,229107774.75427000,0
2024-10-06,62058.01000000,62975.00000000,61798.97000000,62819.91000000,8906.86177000,2024-10-06 23:59:59.999,555669634.47735140,1556553,4798.29924000,299426562.83034480,0
2024-10-07,62819.91000000,64478.19000000,62128.00000000,62224.00000000,25966.18520000,2024-10-07 23:59:59.999,1646315506.57919460,4809342,12760.73415000,809108823.51261260,0
2024-10-08,62224.01000000,63200.00000000,61860.31000000,62160.49000000,19702.22371000,2024-10-08 23:59:59.999,1230076253.81865700,3798438,9614.36947000,600357593.78737790,0
2024-10-09,62160.50000000,62543.75000000,60301.00000000,60636.02000000,20011.15684000,2024-10-09 23:59:59.999,1234778807.59324170,3668363,9454.70171000,583725546.03098850,0
2024-10-10,60636.01000000,61321.68000000,58946.00000000,60326.39000000,23967.92481000,2024-10-10 23:59:59.999,1445604381.93637920,3872577,10827.77272000,653182369.94276710,0
2024-10-11,60326.40000000,63417.56000000,60087.64000000,62540.00000000,23641.35209000,2024-10-11 23:59:59.999,1462219576.84986490,3222180,12099.56755000,748431117.91657060,0
2024-10-12,62539.99000000,63480.00000000,62487.23000000,63206.22000000,10911.30116000,2024-10-12 23:59:59.999,686978508.98875430,1770837,5196.91695000,327263147.47604010,0
2024-10-13,63206.23000000,63285.72000000,62050.00000000,62870.02000000,11909.21995000,2024-10-13 23:59:59.999,746564374.20823870,2242529,5855.04617000,367046338.91942090,0
2024-10-14,62870.02000000,66500.00000000,62457.81000000,66083.99000000,37669.95222000,2024-10-14 23:59:59.999,2450094472.81354500,4977577,19941.11906000,1297062359.24748640,0
2024-10-15,66084.00000000,67950.00000000,64800.01000000,67074.14000000,43683.95423000,2024-10-15 23:59:59.999,2894021862.31951800,6245619,21820.68200000,1446378130.56598510,0
2024-10-16,67074.14000000,68424.00000000,66750.49000000,67620.01000000,29938.25544000,2024-10-16 23:59:59.999,2024560410.10626740,5109685,15212.87402000,1029210667.47582840,0
2024-10-17,67620.00000000,67939.40000000,66666.00000000,67421.78000000,25328.22861000,2024-10-17 23:59:59.999,1702164439.56545950,3981960,12153.94712000,816887407.40423790,0
2024-10-18,67421.78000000,69000.00000000,67192.36000000,68428.00000000,28725.63500000,2024-10-18 23:59:59.999,1959735899.87696440,4010969,14218.17850000,970440964.26681170,0
2024-10-19,68427.99000000,68693.26000000,68010.00000000,68378.00000000,8193.66737000,2024-10-19 23:59:59.999,559628628.96131050,1152428,4071.19627000,278085065.51769250,0
2024-10-20,68377.99000000,69400.00000000,68100.00000000,69031.99000000,12442.47378000,2024-10-20 23:59:59.999,854082429.81058610,1563795,6772.92574000,465001555.93098300,0
2024-10-21,69032.00000000,69519.52000000,66840.67000000,67377.50000000,31374.42184000,2024-10-21 23:59:59.999,2130833593.54669770,3686777,13593.60828000,923860758.42088440,0
2024-10-22,67377.50000000,67836.01000000,66571.42000000,67426.00000000,24598.96268000,2024-10-22 23:59:59.999,1654285791.66055570,3669291,12400.51857000,834160889.23987370,0
2024-10-23,67426.01000000,67472.83000000,65260.00000000,66668.65000000,25530.24070000,2024-10-23 23:59:59.999,1695101430.91874660,3807365,11888.33995000,789384635.11068600,0
2024-10-24,66668.65000000,68850.00000000,66510.00000000,68198.28000000,22589.83877000,2024-10-24 23:59:59.999,1526736320.91293800,3797462,11502.58514000,777936396.52474600,0
2024-10-25,68198.27000000,68771.49000000,65596.29000000,66698.33000000,34479.71125000,2024-10-25 23:59:59.999,2320667435.29325390,5332593,16031.03200000,1079347459.15496360,0
2024-10-26,66698.32000000,67454.55000000,66439.90000000,67092.76000000,11842.90770000,2024-10-26 23:59:59.999,792887047.14789200,2373501,6069.18986000,406369780.15329440,0
2024-10-27,67092.76000000,68332.05000000,66913.73000000,68021.70000000,8653.19592000,2024-10-27 23:59:59.999,585006148.47048090,1771989,4417.73620000,298699666.99843930,0
2024-10-28,68021.69000000,70270.00000000,67618.00000000,69962.21000000,29046.75459000,2024-10-28 23:59:59.999,2005105729.81744490,4432446,15218.34976000,1051606096.42982590,0
2024-10-29,69962.21000000,73620.12000000,69760.00000000,72736.42000000,50128.60594000,2024-10-29 23:59:59.999,3602465986.89175740,5645430,26898.46516000,1932608784.16303730,0
2024-10-30,72736.41000000,72961.00000000,71436.00000000,72344.74000000,26885.99056000,2024-10-30 23:59:59.999,1941210537.28828680,4040734,13487.21433000,973898183.74672780,0
2024-10-31,72344.75000000,72700.00000000,69685.76000000,70292.01000000,29352.10297000,2024-10-31 23:59:59.999,2091144977.49468470,4525542,14205.13879000,1012048241.84989380,0
2024-11-01,70292.01000000,71632.95000000,68820.14000000,69496.01000000,38301.86755000,2024-11-01 23:59:59.999,2677358022.00497000,4569271,18044.16220000,1261663986.75969040,0
2024-11-02,69496.00000000,69914.37000000,69000.14000000,69374.74000000,10521.67243000,2024-11-02 23:59:59.999,731232427.63115480,1603561,5227.50713000,363370734.81580110,0
2024-11-03,69374.74000000,69391.00000000,67478.73000000,68775.99000000,24995.70243000,2024-11-03 23:59:59.999,1709666206.40620230,3668029,12277.58177000,839939073.13895770,0
2024-11-04,68775.99000000,69500.00000000,66835.00000000,67850.01000000,29800.39187000,2024-11-04 23:59:59.999,2033902307.00277610,5377048,14927.24077000,1019257547.52468490,0
2024-11-05,67850.01000000,70577.91000000,67476.63000000,69372.01000000,33355.06888000,2024-11-05 23:59:59.999,2310418908.06992200,4955644,17059.88663000,1181816730.92378330,0
2024-11-06,69372.01000000,76400.00000000,69298.00000000,75571.99000000,104126.99478700,2024-11-06 23:59:59.999,7702283270.25800886,8434184,53243.88442700,3938516657.23273316,0
2024-11-07,75571.99000000,76849.99000000,74416.00000000,75857.89000000,44869.42234500,2024-11-07 23:59:59.999,3391796661.97195520,5207722,21805.46029500,1648278335.30073320,0
2024-11-08,75857.89000000,77199.99000000,75555.00000000,76509.78000000,36521.09958300,2024-11-08 23:59:59.999,2784449097.53151828,4877489,17555.39363300,1339019332.19671258,0
2024-11-09,76509.78000000,76900.00000000,75714.66000000,76677.46000000,16942.07915000,2024-11-09 23:59:59.999,1294709001.60288990,2585264,8032.79327000,614028515.30017060,0
2024-11-10,76677.46000000,81500.00000000,76492.00000000,80370.01000000,61830.10043500,2024-11-10 23:59:59.999,4905441473.90073684,7128598,32751.01217700,2597409399.23496312,0
2024-11-11,80370.01000000,89530.54000000,80216.01000000,88647.99000000,82323.66577600,2024-11-11 23:59:59.999,6944268709.94272134,9348890,42837.29531400,3613896167.37191224,0
2024-11-12,88648.00000000,89940.00000000,85072.00000000,87952.01000000,97299.88791100,2024-11-12 23:59:59.999,8540084566.27981860,11499058,49589.33345100,4353451682.82940400,0
2024-11-13,87952.00000000,93265.64000000,86127.99000000,90375.20000000,86763.85412700,2024-11-13 23:59:59.999,7790928962.04303818,11962100,44342.32932700,3983689817.40144438,0
2024-11-14,90375.21000000,91790.00000000,86668.21000000,87325.59000000,56729.51086000,2024-11-14 23:59:59.999,5073860815.92866480,9828858,27940.85600000,2499212755.77314710,0
2024-11-15,87325.59000000,91850.00000000,87073.38000000,91032.07000000,47927.95068000,2024-11-15 23:59:59.999,4276238971.18142940,8009111,24800.61087000,2213154236.50961540,0
2024-11-16,91032.08000000,91779.66000000,90056.17000000,90586.92000000,22717.87689000,2024-11-16 23:59:59.999,2067958511.90484730,4239455,11496.31366000,1046686701.00294610,0
2024-11-17,90587.98000000,91449.99000000,88722.00000000,89855.99000000,23867.55609000,2024-11-17 23:59:59.999,2153871724.81039480,4930719,11852.78227000,1070094820.67389380,0
2024-11-18,89855.98000000,92594.00000000,89376.90000000,90464.08000000,46545.03448000,2024-11-18 23:59:59.999,4239909950.66189400,7161125,23628.87098000,2153158394.31631090,0
2024-11-19,90464.07000000,93905.51000000,90357.00000000,92310.79000000,43660.04682000,2024-11-19 23:59:59.999,4025108502.84961394,5647789,22127.85272400,2040301638.11617274,0
2024-11-20,92310.80000000,94831.97000000,91500.00000000,94286.56000000,42203.19871200,2024-11-20 23:59:59.999,3950932314.64606898,7365987,20425.30796200,1912348704.24726208,0
2024-11-21,94286.56000000,98988.00000000,94040.00000000,98317.12000000,69228.36047700,2024-11-21 23:59:59.999,6722807908.32565552,9048605,35424.06322700,3440467290.31852712,0
2024-11-22,98317.12000000,99588.01000000,97122.11000000,98892.00000000,46189.30924300,2024-11-22 23:59:59.999,4555536773.36320499,7271311,22709.66819300,2240635299.64648389,0
2024-11-23,98892.00000000,98908.85000000,97136.00000000,97672.40000000,24757.84367000,2024-11-23 23:59:59.999,2431609866.32951430,3839138,11176.24870000,1097538914.94125850,0
2024-11-24,97672.40000000,98564.00000000,95734.77000000,97900.04000000,31200.97838000,2024-11-24 23:59:59.999,3034172011.95178840,4964720,15124.12176000,1471313633.74677250,0
2024-11-25,97900.05000000,98871.80000000,92600.19000000,93010.01000000,50847.45096000,2024-11-25 23:59:59.999,4883444806.32219350,8289691,23486.92705000,2255516841.61021860,0
2024-11-26,93010.01000000,94973.37000000,90791.10000000,91965.16000000,57858.73138000,2024-11-26 23:59:59.999,5370918648.81816690,10225809,29120.26765000,2702543576.08910800,0
2024-11-27,91965.16000000,97208.21000000,91792.14000000,95863.11000000,41153.42734000,2024-11-27 23:59:59.999,3894358511.61756510,6648690,20316.58245000,1922620637.30761870,0
2024-11-28,95863.11000000,96564.00000000,94640.00000000,95643.98000000,28814.54357000,2024-11-28 23:59:59.999,2749861591.25960980,4988161,14805.69321000,1412851841.07519470,0
2024-11-29,95643.99000000,98619.99000000,95364.99000000,97460.00000000,27701.78231000,2024-11-29 23:59:59.999,2690451030.63428740,5094070,13840.21172000,1344148785.26364260,0
2024-11-30,97460.00000000,97463.95000000,96092.01000000,96407.99000000,14503.83306000,2024-11-30 23:59:59.999,1402672950.69982080,3354759,7075.91503000,684284805.02344440,0
2024-12-01,96407.99000000,97836.00000000,95693.88000000,97185.18000000,16938.60452000,2024-12-01 23:59:59.999,1641327626.60622060,3342200,8114.89569000,786489040.19363780,0
2024-12-02,97185.17000000,98130.00000000,94395.00000000,95840.62000000,37958.66981000,2024-12-02 23:59:59.999,3646639621.73758780,7560103,18821.93327000,1808458555.89058410,0
2024-12-03,95840.61000000,96305.52000000,93578.17000000,95849.69000000,35827.32283000,2024-12-03 23:59:59.999,3413995542.01865610,5361712,17339.11167000,1652090703.17559560,0
2024-12-04,95849.69000000,99000.00000000,94587.83000000,98587.32000000,43850.53728000,2024-12-04 23:59:59.999,4241994533.78610610,6648724,22033.60112000,2132655972.04500000,0
2024-12-05,98587.32000000,104088.00000000,90500.00000000,96945.63000000,109921.72966200,2024-12-05 23:59:59.999,11048002942.14993118,12012364,56235.07835600,5657171374.76345580,0
2024-12-06,96945.63000000,101898.99000000,95981.72000000,99740.84000000,45049.53310000,2024-12-06 23:59:59.999,4456641685.36444370,6919102,21999.62416000,2175645718.55336060,0
2024-12-07,99740.84000000,100439.18000000,98844.00000000,99831.99000000,14931.94590000,2024-12-07 23:59:59.999,1487953846.83854580,2634566,6776.55000000,675350661.29733480,0
2024-12-08,99831.99000000,101351.00000000,98657.70000000,101109.59000000,14612.99688000,2024-12-08 23:59:59.999,1459576946.40215100,2994709,7152.80173000,714745738.91883560,0
2024-12-09,101109.60000000,101215.93000000,94150.05000000,97276.47000000,53949.11595000,2024-12-09 23:59:59.999,5283626995.70564880,8445872,25472.08477000,2495722030.53709450,0
2024-12-10,97276.48000000,98270.00000000,94256.54000000,96593.00000000,51708.68933000,2024-12-10 23:59:59.999,4988660195.09242860,11556189,24523.09586000,2367164879.17077290,0
2024-12-11,96593.00000000,101888.00000000,95658.24000000,101125.00000000,37753.78291000,2024-12-11 23:59:59.999,3745703763.01844990,8250511,19112.84559000,1897146318.21117040,0
2024-12-12,101125.00000000,102540.00000000,99311.64000000,100004.29000000,29232.08745000,2024-12-12 23:59:59.999,2949462583.86617050,8066322,14175.88661000,1430984456.67036050,0
2024-12-13,100004.29000000,101895.26000000,99205.00000000,101424.25000000,21904.03923000,2024-12-13 23:59:59.999,2203903393.07410050,5481660,10669.09365000,1073720887.63545590,0
2024-12-14,101424.24000000,102650.00000000,100609.41000000,101420.00000000,14191.70326000,2024-12-14 23:59:59.999,1441594367.04631920,3374538,6790.24676000,689981854.13948960,0
2024-12-15,101420.00000000,105250.00000000,101237.14000000,104463.99000000,22228.92177500,2024-12-15 23:59:59.999,2290462903.83579120,3638809,12668.89435500,1305611448.30009750,0
2024-12-16,104463.99000000,107793.07000000,103333.00000000,106058.66000000,41302.40274000,2024-12-16 23:59:59.999,4364964400.63455291,8048054,20349.09950000,2150550899.24752251,0
2024-12-17,106058.65000000,108353.00000000,105321.49000000,106133.74000000,29064.93646600,2024-12-17 23:59:59.999,3103833327.77510671,7212799,14187.32044600,1515158210.55198001,0
2024-12-18,106133.74000000,106524.98000000,100000.00000000,100204.01000000,50307.99755000,2024-12-18 23:59:59.999,5194263316.25923660,8762120,23308.37525000,2407213144.26949820,0
2024-12-19,100204.01000000,102800.11000000,95700.00000000,97461.86000000,55147.39800000,2024-12-19 23:59:59.999,5487546517.70775260,7273941,26898.63715000,2677636003.90650610,0
2024-12-20,97461.86000000,98233.00000000,92232.54000000,97805.44000000,62884.13570000,2024-12-20 23:59:59.999,6022845238.83232620,7429007,29463.23021000,2822939306.66307790,0
2024-12-21,97805.44000000,99540.61000000,96398.39000000,97291.99000000,23483.54143000,2024-12-21 23:59:59.999,2296232055.19592620,3717638,11726.94119000,1146732451.42181330,0
2024-12-22,97292.00000000,97448.08000000,94250.35000000,95186.27000000,19353.83036000,2024-12-22 23:59:59.999,1857819866.36039980,3633551,9293.39749000,892081877.76277080,0
2024-12-23,95186.28000000,96538.92000000,92520.00000000,94881.47000000,32810.76703000,2024-12-23 23:59:59.999,3100007213.49456320,5464919,16339.58355000,1544707289.74436910,0
2024-12-24,94881.47000000,99487.99000000,93569.02000000,98663.58000000,23674.22488000,2024-12-24 23:59:59.999,2287214424.70647590,3421549,11969.25390000,1156798174.58232600,0
2024-12-25,98663.58000000,99569.15000000,97632.02000000,99429.60000000,14474.16510000,2024-12-25 23:59:59.999,1426143976.04936360,3283028,7006.52650000,690465056.58718590,0
2024-12-26,99429.61000000,99963.70000000,95199.14000000,95791.60000000,21192.36727000,2024-12-26 23:59:59.999,2049123567.38677240,5203490,10071.87249000,973940616.12924430,0
2024-12-27,95791.60000000,97544.58000000,93500.01000000,94299.03000000,26501.26429000,2024-12-27 23:59:59.999,2528567849.77946140,5718866,12945.51657000,1235623739.05781850,0
2024-12-28,94299.03000000,95733.99000000,94135.66000000,95300.00000000,8385.89290000,2024-12-28 23:59:59.999,794651624.83495550,2732061,4203.59876000,398416342.12816700,0
2024-12-29,95300.00000000,95340.00000000,93009.52000000,93738.20000000,13576.00578000,2024-12-29 23:59:59.999,1278370863.97684710,2865838,5651.38589000,532195414.10274130,0
2024-12-30,93738.19000000,95024.50000000,91530.45000000,92792.05000000,27619.42250000,2024-12-30 23:59:59.999,2573126059.76947800,5560563,13092.19646000,1220209278.25232730,0
2024-12-31,92792.05000000,96250.00000000,92033.73000000,93576.00000000,19612.03389000,2024-12-31 23:59:59.999,1845718801.92270400,3347847,9687.96775000,911716321.60540200,0
2025-01-01,93576.00000000,95151.15000000,92888.00000000,94591.79000000,10373.32613000,2025-01-01 23:59:59.999,975444194.13799830,1516556,5347.73648000,502914035.64059070,0
2025-01-02,94591.78000000,97839.50000000,94392.00000000,96984.79000000,21970.48948000,2025-01-02 23:59:59.999,2118411852.68127950,3569079,10915.96986000,1052226710.33367170,0
2025-01-03,96984.79000000,98976.91000000,96100.01000000,98174.18000000,15253.82936000,2025-01-03 23:59:59.999,1486610768.59079170,2851164,7468.60797000,727787246.89655880,0
2025-01-04,98174.17000000,98778.43000000,97514.79000000,98220.50000000,8990.05651000,2025-01-04 23:59:59.999,881223751.63536030,1559982,4350.80221000,426524714.13055390,0
2025-01-05,98220.51000000,98836.85000000,97276.79000000,98363.61000000,8095.63723000,2025-01-05 23:59:59.999,793931715.95463240,1685799,3877.90985000,380355340.46860360,0
2025-01-06,98363.61000000,102480.00000000,97920.00000000,102235.60000000,25263.43375000,2025-01-06 23:59:59.999,2540561688.77714340,3853702,12539.59534000,1260943259.46625620,0
2025-01-07,102235.60000000,102724.38000000,96181.81000000,96954.61000000,32059.87537000,2025-01-07 23:59:59.999,3170421659.71723590,4480562,14815.11453000,1464336049.70553450,0
2025-01-08,96954.60000000,97268.65000000,92500.90000000,95060.61000000,33704.67894000,2025-01-08 23:59:59.999,3205849081.11296200,5171208,15803.85091000,1503791328.69930850,0
2025-01-09,95060.61000000,95382.32000000,91203.67000000,92552.49000000,34544.83685000,2025-01-09 23:59:59.999,3217669887.24539790,6027161,15323.62663000,1427812152.27276120,0
2025-01-10,92552.49000000,95836.00000000,92206.02000000,94726.11000000,31482.86424000,2025-01-10 23:59:59.999,2962085343.28370360,5531444,15617.43823000,1469711545.65712720,0
2025-01-11,94726.10000000,95050.94000000,93831.73000000,94599.99000000,7047.90430000,2025-01-11 23:59:59.999,665685994.93301000,1496191,3412.37671000,322346977.43545530,0
2025-01-12,94599.99000000,95450.10000000,93711.19000000,94545.06000000,8606.86622000,2025-01-12 23:59:59.999,813278829.65839490,1658863,4028.33031000,380691769.91844270,0
2025-01-13,94545.07000000,95940.00000000,89256.69000000,94536.10000000,42619.56423000,2025-01-13 23:59:59.999,3930666134.34745740,5740963,19473.88042000,1797888178.84960790,0
2025-01-14,94536.11000000,97371.00000000,94346.22000000,96560.86000000,27846.61753000,2025-01-14 23:59:59.999,2676048470.35695040,4532923,14248.69616000,1369464111.69349600,0
2025-01-15,96560.85000000,100681.94000000,96500.00000000,100497.35000000,30509.99179000,2025-01-15 23:59:59.999,3006242382.88679460,3487945,15494.17873000,1527728226.30833280,0
2025-01-16,100497.35000000,100866.66000000,97335.13000000,99987.30000000,27832.85317000,2025-01-16 23:59:59.999,2765162040.63979910,3762755,13513.53707000,1342462621.62732850,0
2025-01-17,99987.30000000,105865.22000000,99950.77000000,104077.48000000,39171.85292000,2025-01-17 23:59:59.999,4040993985.47504680,3886907,20673.21300000,2131223293.20484620,0
2025-01-18,104077.47000000,104988.88000000,102277.55000000,104556.23000000,24307.82998000,2025-01-18 23:59:59.999,2521522119.37952530,3403162,11607.51274000,1204170928.37481190,0
2025-01-19,104556.23000000,106422.43000000,99651.60000000,101331.57000000,43397.28298000,2025-01-19 23:59:59.999,4513423971.41025210,5271920,21079.51082000,2193270771.00194450,0
2025-01-20,101331.57000000,109588.00000000,99550.00000000,102260.01000000,89529.23173200,2025-01-20 23:59:59.999,9398787064.32071500,11597937,44770.52949200,4704453254.51538250,0
2025-01-21,102260.00000000,107240.81000000,100119.04000000,106143.82000000,45941.02002000,2025-01-21 23:59:59.999,4768512258.15650130,6842980,23227.02741000,2411854258.51271880,0
2025-01-22,106143.82000000,106394.46000000,103339.12000000,103706.66000000,22248.69254000,2025-01-22 23:59:59.999,2331144640.65857870,4364035,10501.59306000,1100173331.98765840,0
2025-01-23,103706.66000000,106850.00000000,101262.28000000,103910.34000000,53953.12031000,2025-01-23 23:59:59.999,5610760848.13163840,6961383,27045.92646000,2813824950.57188350,0
2025-01-24,103910.35000000,107120.00000000,102750.00000000,104870.50000000,23609.24017000,2025-01-24 23:59:59.999,2483818574.37374800,4798886,11893.46050000,1251601023.34846860,0
2025-01-25,104870.51000000,105286.52000000,104106.09000000,104746.85000000,9068.32377000,2025-01-25 23:59:59.999,949511531.35780170,1770765,4462.60438000,467284996.37609660,0
2025-01-26,104746.86000000,105500.00000000,102520.44000000,102620.00000000,9812.51238000,2025-01-26 23:59:59.999,1024352365.47155230,1813011,4642.17247000,484871090.33614970,0
2025-01-27,102620.01000000,103260.00000000,97777.77000000,102082.83000000,50758.13410000,2025-01-27 23:59:59.999,5092886322.82924400,9368910,23529.22433000,2361569760.84189380,0
2025-01-28,102082.83000000,103800.00000000,100272.68000000,101335.52000000,22022.05765000,2025-01-28 23:59:59.999,2253977324.03620920,5428644,10756.64741000,1101357650.29198760,0
2025-01-29,101335.52000000,104782.68000000,101328.01000000,103733.24000000,23155.35802000,2025-01-29 23:59:59.999,2380383694.77213620,5189699,11675.17182000,1200636637.81436690,0
2025-01-30,103733.25000000,106457.44000000,103278.54000000,104722.94000000,19374.07472000,2025-01-30 23:59:59.999,2038112603.51264120,3990075,10140.92834000,1066933244.99202070,0
2025-01-31,104722.94000000,106012.00000000,101560.00000000,102429.56000000,21983.18193000,2025-01-31 23:59:59.999,2282174002.19521760,4331904,10697.39968000,1111485874.12928450,0
2025-02-01,102429.56000000,102783.71000000,100279.51000000,100635.65000000,12290.95747000,2025-02-01 23:59:59.999,1250354228.23722970,2588786,5625.89331000,572540016.14901110,0
2025-02-02,100635.66000000,101456.60000000,96150.00000000,97700.59000000,34619.49939000,2025-02-02 23:59:59.999,3412084312.58362790,7202339,15587.16669000,1536076091.30301330,0
2025-02-03,97700.59000000,102500.01000000,91231.00000000,101328.52000000,75164.73850000,2025-02-03 23:59:59.999,7228589180.71162140,10625262,36736.56946000,3537845694.48126590,0
2025-02-04,101328.51000000,101732.31000000,96150.00000000,97763.13000000,40267.98697000,2025-02-04 23:59:59.999,3989698644.26493070,6618911,19091.58154000,1891457194.35983290,0
2025-02-05,97763.14000000,99149.00000000,96155.00000000,96612.43000000,26233.30444000,2025-02-05 23:59:59.999,2562342153.82968530,4471763,11032.55174000,1078316288.14255890,0
2025-02-06,96612.44000000,99120.00000000,95676.64000000,96554.35000000,23515.20405000,2025-02-06 23:59:59.999,2289071921.21756010,4242807,11261.53049000,1096611639.37600890,0
2025-02-07,96554.35000000,100137.99000000,95620.34000000,96506.80000000,31794.22065000,2025-02-07 23:59:59.999,3107592434.67383420,5012456,15249.35370000,1491114588.55985190,0
2025-02-08,96506.80000000,96880.00000000,95688.00000000,96444.74000000,10147.24294000,2025-02-08 23:59:59.999,977040267.51586310,1757892,4450.52682000,428452764.90474110,0
2025-02-09,96444.75000000,97323.09000000,94713.00000000,96462.75000000,14120.91613000,2025-02-09 23:59:59.999,1359495152.31079740,2293192,6663.72875000,641795598.17527620,0
2025-02-10,96462.75000000,98345.00000000,95256.00000000,97430.82000000,20572.87537000,2025-02-10 23:59:59.999,1999112052.66878620,3475919,9607.62329000,933665618.50501910,0
2025-02-11,97430.82000000,98478.42000000,94876.88000000,95778.20000000,18647.76379000,2025-02-11 23:59:59.999,1806534846.38631950,3716586,8594.50066000,832320054.87637160,0
2025-02-12,95778.21000000,98119.99000000,94088.23000000,97869.99000000,29151.16625000,2025-02-12 23:59:59.999,2800142168.39436540,4992737,13820.70553000,1328044257.04013340,0
2025-02-13,97870.00000000,98083.91000000,95217.36000000,96608.14000000,19921.77616000,2025-02-13 23:59:59.999,1916988246.39211860,3909456,8852.16215000,851823567.09393470,0
2025-02-14,96608.13000000,98826.00000000,96252.82000000,97500.48000000,18173.02646000,2025-02-14 23:59:59.999,1768073218.86901540,3499564,9061.31682000,881925349.64442130,0
2025-02-15,97500.47000000,97972.26000000,97223.58000000,97569.66000000,7349.37683000,2025-02-15 23:59:59.999,717245393.77809200,1694327,3579.14202000,349322778.23397690,0
2025-02-16,97569.67000000,97704.47000000,96046.18000000,96118.12000000,8191.42490000,2025-02-16 23:59:59.999,794694242.29497320,1596701,3719.73063000,360842416.66441670,0
2025-02-17,96118.12000000,97046.59000000,95205.00000000,95780.00000000,16492.04510000,2025-02-17 23:59:59.999,1584593526.17546780,2831237,8010.41565000,769979077.13619730,0
2025-02-18,95780.01000000,96753.91000000,93388.09000000,95671.74000000,23368.19471000,2025-02-18 23:59:59.999,2223994802.89200520,4234248,11432.47367000,1088319233.52198970,0
2025-02-19,95671.74000000,96899.99000000,95029.99000000,96644.37000000,16438.50954000,2025-02-19 23:59:59.999,1576817572.10325050,2784225,7173.61807000,688586919.97592590,0
2025-02-20,96644.37000000,98711.36000000,96415.09000000,98305.00000000,17057.39177000,2025-02-20 23:59:59.999,1663386824.73155060,2386973,8356.42859000,815056614.17382700,0
2025-02-21,98305.01000000,99475.00000000,94871.95000000,96181.98000000,32249.28140000,2025-02-21 23:59:59.999,3143975917.57346420,4528525,15313.58184000,1493403646.84830270,0
2025-02-22,96181.99000000,96980.00000000,95770.49000000,96551.01000000,11268.17708000,2025-02-22 23:59:59.999,1087077133.82263640,1506418,5293.28051000,510722895.16754260,0
2025-02-23,96551.01000000,96650.00000000,95227.94000000,96258.00000000,10884.84913000,2025-02-23 23:59:59.999,1044392011.79102410,1457368,4619.93267000,443381984.41102550,0
2025-02-24,96258.00000000,96500.00000000,91349.26000000,91552.88000000,31550.10299000,2025-02-24 23:59:59.999,2981809595.44537670,4972684,14438.63366000,1366473567.87477310,0
2025-02-25,91552.88000000,92540.69000000,86050.99000000,88680.40000000,78333.11111000,2025-02-25 23:59:59.999,6962982500.90447390,10289145,35822.15275000,3183981371.47505020,0
2025-02-26,88680.39000000,89414.15000000,82256.01000000,84250.09000000,56893.54409000,2025-02-26 23:59:59.999,4898429925.63647610,8490006,28077.18450000,2417690848.81898720,0
2025-02-27,84250.09000000,87078.46000000,82716.49000000,84708.58000000,42505.45439000,2025-02-27 23:59:59.999,3618738891.22216230,6357581,20355.71969000,1732725913.28176280,0
2025-02-28,84708.57000000,85120.00000000,78258.52000000,84349.94000000,83648.03969000,2025-02-28 23:59:59.999,6806705236.69067870,11344216,40224.85287000,3274291175.81039970,0
2025-03-01,84349.95000000,86558.00000000,83824.78000000,86064.53000000,25785.05464000,2025-03-01 23:59:59.999,2194003507.85264280,3700728,11748.10769000,1000093822.53835250,0
2025-03-02,86064.54000000,95000.00000000,85050.60000000,94270.00000000,54889.09045000,2025-03-02 23:59:59.999,4972549515.78866870,7403218,29273.81031000,2652973441.15453900,0
2025-03-03,94269.99000000,94416.46000000,85117.11000000,86220.61000000,59171.10218000,2025-03-03 23:59:59.999,5321123743.47192310,9797860,27915.43650000,2513464571.35691100,0
2025-03-04,86221.16000000,88967.52000000,81500.00000000,87281.98000000,55609.10706000,2025-03-04 23:59:59.999,4704901219.59043560,10326631,27584.71590000,2335087296.23928690,0
2025-03-05,87281.98000000,91000.00000000,86334.53000000,90606.01000000,38264.01163000,2025-03-05 23:59:59.999,3400243670.30497560,8070266,19230.28436000,1709708737.46989350,0
2025-03-06,90606.00000000,92810.64000000,87836.00000000,89931.89000000,34342.44902000,2025-03-06 23:59:59.999,3105145628.39939920,7643526,17283.99411000,1563426526.42899340,0
2025-03-07,89931.88000000,91283.02000000,84667.03000000,86801.75000000,57980.35713000,2025-03-07 23:59:59.999,5097554826.61315770,9510442,28394.41537000,2497922400.45044460,0
2025-03-08,86801.74000000,86897.25000000,85218.47000000,86222.45000000,12989.23054000,2025-03-08 23:59:59.999,1119358968.65200550,2553974,6491.56581000,559581591.34707420,0
2025-03-09,86222.46000000,86500.00000000,80000.00000000,80734.37000000,26115.39345000,2025-03-09 23:59:59.999,2173552660.45447930,5189138,12093.87232000,1006299692.71041280,0
2025-03-10,80734.48000000,84123.46000000,77459.91000000,78595.86000000,47633.38405000,2025-03-10 23:59:59.999,3834924947.75818610,8701538,22898.57072000,1846606255.35214860,0
2025-03-11,78595.86000000,83617.40000000,76606.00000000,82932.99000000,48770.06853000,2025-03-11 23:59:59.999,3927000827.11079190,6983310,24029.16770000,1935950413.20181940,0
2025-03-12,82932.99000000,84539.85000000,80607.65000000,83680.12000000,31933.98600000,2025-03-12 23:59:59.999,2638600996.82539610,5253577,15749.41702000,1301890518.49940810,0
2025-03-13,83680.12000000,84336.33000000,79939.90000000,81115.78000000,27546.27412000,2025-03-13 23:59:59.999,2260870111.23938940,4367093,13013.18135000,1067945431.12194690,0
2025-03-14,81115.78000000,85309.71000000,80818.84000000,83983.20000000,26858.52755000,2025-03-14 23:59:59.999,2244729595.54117160,3290987,14082.88688000,1177807467.01818000,0
2025-03-15,83983.19000000,84676.28000000,83618.00000000,84338.44000000,11324.73320000,2025-03-15 23:59:59.999,953445671.83375050,1329670,5195.29128000,437551330.25316600,0
2025-03-16,84338.44000000,85117.04000000,81981.12000000,82574.53000000,17596.12531000,2025-03-16 23:59:59.999,1468056556.29672260,2767947,8505.95317000,710037465.07574800,0
2025-03-17,82574.52000000,84756.83000000,82456.00000000,84010.03000000,17214.74358000,2025-03-17 23:59:59.999,1437716814.04687390,3014756,8387.89111000,700505421.78772940,0
2025-03-18,84010.02000000,84021.74000000,81134.66000000,82715.03000000,17610.89883000,2025-03-18 23:59:59.999,1450813055.47972610,3126371,8047.23418000,662808749.34278870,0
2025-03-19,82715.03000000,87000.00000000,82547.16000000,86845.94000000,28151.05374000,2025-03-19 23:59:59.999,2375813941.94376220,3774761,13804.24847000,1166238970.28114650,0
2025-03-20,86845.93000000,87453.67000000,83655.23000000,84223.39000000,22090.30463000,2025-03-20 23:59:59.999,1885241921.15565180,3252595,10163.59262000,867440339.29626070,0
2025-03-21,84223.38000000,84850.33000000,83175.25000000,84088.79000000,11956.97443000,2025-03-21 23:59:59.999,1005135519.25600170,2360005,5466.41961000,459501348.08175830,0
2025-03-22,84088.79000000,84539.17000000,83625.10000000,83840.59000000,5420.22114000,2025-03-22 23:59:59.999,456235443.80165220,864481,2284.19178000,192291026.78742480,0
2025-03-23,83840.59000000,86129.64000000,83809.75000000,86082.50000000,8461.97813000,2025-03-23 23:59:59.999,718692319.14990380,1206533,4424.81013000,376007261.52135970,0
2025-03-24,86082.50000000,88765.43000000,85519.09000000,87498.16000000,30115.62111000,2025-03-24 23:59:59.999,2636765917.95184350,2916713,14379.95578000,1258638667.11290410,0
2025-03-25,87498.16000000,88539.63000000,86310.00000000,87392.87000000,22643.25248000,2025-03-25 23:59:59.999,1979571590.89829370,2802815,9440.56294000,825308072.63378140,0
2025-03-26,87392.88000000,88275.00000000,85860.00000000,86909.17000000,18408.78485000,2025-03-26 23:59:59.999,1606406955.58646330,2380154,8590.97753000,749604853.29681350,0
2025-03-27,86909.17000000,87756.39000000,85800.00000000,87232.01000000,17098.03897000,2025-03-27 23:59:59.999,1487968807.70790220,2376381,8185.05517000,712324893.28891680,0
2025-03-28,87232.01000000,87515.67000000,83585.00000000,84424.38000000,27182.73169000,2025-03-28 23:59:59.999,2309946560.66411380,3236085,11274.83736000,958523321.81127310,0
2025-03-29,84424.38000000,84624.73000000,81644.81000000,82648.54000000,11696.39864000,2025-03-29 23:59:59.999,970199917.98687160,2172387,5621.60485000,466215575.48490690,0
2025-03-30,82648.53000000,83534.64000000,81565.00000000,82389.99000000,9864.49508000,2025-03-30 23:59:59.999,816584795.52881260,1907663,4725.07105000,391214080.11011610,0
2025-03-31,82390.00000000,83943.08000000,81278.52000000,82550.01000000,20569.13885000,2025-03-31 23:59:59.999,1696009191.08096490,3964358,9912.88184000,817875871.11074120,0
2025-04-01,82550.00000000,85579.46000000,82432.74000000,85158.34000000,20190.39697000,2025-04-01 23:59:59.999,1698895702.57546820,3328693,10246.42648000,862302772.43308630,0
2025-04-02,85158.35000000,88500.00000000,82320.00000000,82516.29000000,39931.45700000,2025-04-02 23:59:59.999,3417279759.83076360,5338238,20739.67809000,1777735583.84074790,0
2025-04-03,82516.28000000,83998.02000000,81211.24000000,83213.09000000,27337.84135000,2025-04-03 23:59:59.999,2259299724.86439270,4117486,13951.52792000,1153439398.61980140,0
2025-04-04,83213.09000000,84720.00000000,81659.00000000,83889.87000000,32915.53976000,2025-04-04 23:59:59.999,2739842666.42673680,4992586,15896.18779000,1323832046.26468800,0
2025-04-05,83889.87000000,84266.00000000,82379.95000000,83537.99000000,9360.40468000,2025-04-05 23:59:59.999,779626577.90134360,1575750,4029.64658000,335654613.72771840,0
2025-04-06,83537.99000000,83817.63000000,77153.83000000,78430.00000000,27942.71436000,2025-04-06 23:59:59.999,2239085051.15296450,3948493,12493.84490000,1001459573.49446610,0
2025-04-07,78430.00000000,81243.58000000,74508.00000000,79163.24000000,78387.53089000,2025-04-07 23:59:59.999,6084614024.15064720,9736596,39075.84274000,3034375055.68439650,0
2025-04-08,79163.24000000,80867.99000000,76239.90000000,76322.42000000,35317.32063000,2025-04-08 23:59:59.999,2775277777.10246080,5512751,15704.73031000,1235370767.11535030,0
2025-04-09,76322.42000000,83588.00000000,74620.00000000,82615.22000000,75488.28772000,2025-04-09 23:59:59.999,5980231256.22249600,7741252,39491.62958000,3137004042.95926080,0
2025-04-10,82615.22000000,82753.21000000,78464.36000000,79607.30000000,33284.80718000,2025-04-10 23:59:59.999,2690294353.84784260,4529545,16339.91910000,1321475356.02008490,0
2025-04-11,79607.30000000,84300.00000000,78969.58000000,83423.84000000,34435.43797000,2025-04-11 23:59:59.999,2830363945.17875230,4423157,18019.58367000,1482515278.91770430,0
2025-04-12,83423.83000000,85905.00000000,82792.95000000,85276.90000000,18470.74437000,2025-04-12 23:59:59.999,1557403252.92675150,2501196,9526.72644000,803747272.78346800,0
2025-04-13,85276.91000000,86100.00000000,83034.23000000,83760.00000000,24680.04181000,2025-04-13 23:59:59.999,2086106375.43925540,3275879,11658.67909000,986303246.09318360,0
2025-04-14,83760.00000000,85799.99000000,83678.00000000,84591.58000000,28659.09348000,2025-04-14 23:59:59.999,2429132805.08152890,3921522,15196.58929000,1288815999.14061730,0
2025-04-15,84591.58000000,86496.42000000,83600.00000000,83643.99000000,20910.99528000,2025-04-15 23:59:59.999,1780972414.39560070,2910533,10439.36072000,889895753.16736510,0
2025-04-16,83643.99000000,85500.00000000,83111.64000000,84030.38000000,20867.24519000,2025-04-16 23:59:59.999,1753910031.20092420,3264730,10456.76900000,878939829.48483680,0
2025-04-17,84030.38000000,85470.01000000,83736.26000000,84947.91000000,13728.84772000,2025-04-17 23:59:59.999,1161659427.38626280,2003405,6424.41565000,543726754.41870160,0
2025-04-18,84947.92000000,85132.08000000,84303.96000000,84474.69000000,6529.96315000,2025-04-18 23:59:59.999,552648483.64748710,840009,2911.78856000,246467088.26214660,0
2025-04-19,84474.70000000,85677.99000000,84364.45000000,85077.01000000,9666.58153000,2025-04-19 23:59:59.999,823222752.28424930,875226,5416.30087000,461342923.99908200,0
2025-04-20,85077.00000000,85320.76000000,83949.52000000,85179.24000000,8091.67725000,2025-04-20 23:59:59.999,685253644.89183620,944130,3843.48314000,325482835.73783290,0
2025-04-21,85179.24000000,88465.99000000,85144.76000000,87516.23000000,31773.37262000,2025-04-21 23:59:59.999,2773299591.46706560,3041395,17216.39877000,1502705225.13413500,0
2025-04-22,87516.22000000,93888.00000000,87076.03000000,93442.99000000,43872.74705000,2025-04-22 23:59:59.999,3967785064.12817020,3268475,22777.77047000,2062639579.20308550,0
2025-04-23,93442.99000000,94696.05000000,91935.41000000,93691.08000000,27404.16808000,2025-04-23 23:59:59.999,2560279933.94795160,3016536,13128.05774000,1226992558.57654620,0
2025-04-24,93691.07000000,94005.00000000,91660.01000000,93980.47000000,19497.06071000,2025-04-24 23:59:59.999,1811120137.31467870,2797383,8565.18128000,795787487.36089810,0
2025-04-25,93980.47000000,95758.04000000,92855.96000000,94638.68000000,27500.66648000,2025-04-25 23:59:59.999,2596877713.64017280,3331828,13072.22136000,1234153095.72926820,0
2025-04-26,94638.68000000,95199.00000000,93870.69000000,94628.00000000,9415.06875000,2025-04-26 23:59:59.999,889627361.84144470,1475983,4156.22463000,392757114.43835790,0
2025-04-27,94628.00000000,95369.00000000,93602.58000000,93749.30000000,11162.84100000,2025-04-27 23:59:59.999,1052334792.18661890,1918160,5250.08719000,495112239.10816970,0
2025-04-28,93749.29000000,95630.00000000,92800.01000000,95011.18000000,22157.53351000,2025-04-28 23:59:59.999,2092532996.55517170,3424740,11626.77592000,1098667305.23999790,0
2025-04-29,95011.18000000,95461.53000000,93742.54000000,94256.82000000,16955.34020000,2025-04-29 23:59:59.999,1607154803.46754770,3020875,7112.68469000,674688527.81306600,0
2025-04-30,94256.82000000,95228.45000000,92910.00000000,94172.00000000,17661.27510000,2025-04-30 23:59:59.999,1664825670.98312510,3214149,8393.21620000,791272380.03124470,0
2025-05-01,94172.00000000,97424.02000000,94130.43000000,96489.91000000,21380.45343000,2025-05-01 23:59:59.999,2053857614.27326720,2925716,10925.87308000,1049157198.85876350,0
2025-05-02,96489.90000000,97895.68000000,96350.00000000,96887.14000000,14905.74811000,2025-05-02 23:59:59.999,1446387651.58405750,2698263,7440.33531000,722022817.22461990,0
2025-05-03,96887.13000000,96935.67000000,95753.01000000,95856.42000000,9723.34838000,2025-05-03 23:59:59.999,935906144.96514980,1181239,3929.40490000,378271292.44431450,0
2025-05-04,95856.42000000,96304.48000000,94151.38000000,94277.62000000,11036.38342000,2025-05-04 23:59:59.999,1053542403.85315880,1674726,4385.33486000,418573470.85696230,0
2025-05-05,94277.61000000,95199.00000000,93514.10000000,94733.68000000,17251.18189000,2025-05-05 23:59:59.999,1626999380.17599680,2623300,8399.64855000,792299650.33952020,0
2025-05-06,94733.68000000,96920.65000000,93377.00000000,96834.02000000,16122.64513000,2025-05-06 23:59:59.999,1526847764.56366820,2512960,7505.95734000,711372483.61171350,0
2025-05-07,96834.02000000,97732.00000000,95784.61000000,97030.50000000,16644.83854000,2025-05-07 23:59:59.999,1611730124.59245430,2849139,8316.74471000,805430612.40553540,0
2025-05-08,97030.50000000,104145.76000000,96876.29000000,103261.60000000,34962.02847000,2025-05-08 23:59:59.999,3508645830.56501440,4991147,18547.23009000,1861334478.36442700,0
2025-05-09,103261.61000000,104361.30000000,102315.14000000,102971.99000000,27617.39907000,2025-05-09 23:59:59.999,2847518447.98151310,4406929,14525.20381000,1497826622.32618800,0
2025-05-10,102971.99000000,104984.57000000,102818.76000000,104809.53000000,15324.78611000,2025-05-10 23:59:59.999,1588386278.50241500,2227845,8258.23478000,856095289.52166460,0
2025-05-11,104809.53000000,104972.00000000,103345.06000000,104118.00000000,17987.12197000,2025-05-11 23:59:59.999,1873381777.21242540,3100176,9071.95578000,944903285.10730800,0
2025-05-12,104118.00000000,105819.45000000,100718.37000000,102791.32000000,31272.77792000,2025-05-12 23:59:59.999,3242348937.38306910,5298407,16455.99797000,1707457796.58813950,0
2025-05-13,102791.32000000,104976.25000000,101429.70000000,104103.72000000,21253.42409000,2025-05-13 23:59:59.999,2197244118.15236690,3703531,10705.97845000,1106609664.70779500,0
2025-05-14,104103.72000000,104356.95000000,102602.05000000,103507.82000000,16452.90810000,2025-05-14 23:59:59.999,1704708279.38841090,3025221,8026.03333000,831783471.65436100,0
2025-05-15,103507.83000000,104192.70000000,101383.07000000,103763.71000000,17998.98604000,2025-05-15 23:59:59.999,1850183474.52920360,4139477,8475.18036000,871244345.56413600,0
2025-05-16,103763.71000000,104550.33000000,103100.49000000,103463.90000000,15683.88024000,2025-05-16 23:59:59.999,1628832372.32414810,3237442,7555.15801000,784850382.19427470,0
2025-05-17,103463.90000000,103709.86000000,102612.50000000,103126.65000000,11250.89622000,2025-05-17 23:59:59.999,1160418362.95061810,2568597,5335.11525000,550379728.73385010,0
2025-05-18,103126.65000000,106660.00000000,103105.09000000,106454.26000000,21599.98726000,2025-05-18 23:59:59.999,2262214972.07493840,3193300,11664.89904000,1221914552.05520120,0
2025-05-19,106454.27000000,107108.62000000,102000.00000000,105573.74000000,30260.03524000,2025-05-19 23:59:59.999,3150324504.59545150,4881371,14208.30900000,1480452895.08415620,0
2025-05-20,105573.73000000,107320.00000000,104184.72000000,106849.99000000,23705.48275000,2025-05-20 23:59:59.999,2509102444.66959820,3878351,12350.46275000,1307273652.38952320,0
2025-05-21,106850.00000000,110797.38000000,106100.01000000,109643.99000000,45531.04034500,2025-05-21 23:59:59.999,4914709514.32002680,6835279,23661.64939500,2555528481.09872580,0
2025-05-22,109643.99000000,111980.00000000,109177.37000000,111696.21000000,31630.77313000,2025-05-22 23:59:59.999,3509432834.57341730,5794216,16584.56293000,1840083098.58278590,0
2025-05-23,111696.22000000,111800.00000000,106800.00000000,107318.30000000,31737.72309000,2025-05-23 23:59:59.999,3469704446.39040470,5251192,14309.31652000,1565622441.18751700,0
2025-05-24,107318.30000000,109506.03000000,106875.41000000,107761.91000000,16782.53129000,2025-05-24 23:59:59.999,1819958819.77485860,2805418,8786.90747000,953683093.32165700,0
2025-05-25,107761.90000000,109299.99000000,106600.64000000,109004.19000000,17710.04695000,2025-05-25 23:59:59.999,1904366455.42585800,3151168,7867.16712000,846688135.00971360,0
2025-05-26,109004.20000000,110422.22000000,108670.58000000,109434.79000000,14649.11593000,2025-05-26 23:59:59.999,1605578282.10790310,2887863,7301.11288000,800269021.19227970,0
2025-05-27,109434.78000000,110718.00000000,107516.57000000,108938.17000000,21276.65635000,2025-05-27 23:59:59.999,2327603851.11926510,3735509,9969.89271000,1090553624.46159920,0
2025-05-28,108938.17000000,109284.70000000,106769.43000000,107781.78000000,15633.78829000,2025-05-28 23:59:59.999,1689136748.51303130,2933262,6877.27341000,743282966.72071960,0
2025-05-29,107781.78000000,108891.91000000,105322.86000000,105589.75000000,19834.70116000,2025-05-29 23:59:59.999,2128639017.50816180,3774926,9457.49356000,1015173771.54898980,0
2025-05-30,105589.75000000,106313.12000000,103621.00000000,103985.48000000,23706.49799000,2025-05-30 23:59:59.999,2493078549.59186090,4307572,11070.98746000,1164158558.64358540,0
2025-05-31,103985.47000000,104900.00000000,103068.55000000,104591.88000000,11289.35922000,2025-05-31 23:59:59.999,1174000801.50703790,2343787,5278.95175000,548980630.84935780,0
2025-06-01,104591.88000000,105866.91000000,103752.49000000,105642.93000000,9709.70006000,2025-06-01 23:59:59.999,1016188486.95059960,1939359,4640.35070000,485683466.93478430,0
2025-06-02,105642.93000000,105935.63000000,103659.88000000,105857.99000000,13453.98813000,2025-06-02 23:59:59.999,1409004206.98637330,2997656,6494.65497000,680177826.61441720,0
2025-06-03,105858.00000000,106794.67000000,104872.50000000,105376.89000000,13259.52634000,2025-06-03 23:59:59.999,1402493746.59932180,2470698,6260.22436000,662160926.82412260,0
2025-06-04,105376.90000000,106000.00000000,104179.00000000,104696.86000000,14034.89482000,2025-06-04 23:59:59.999,1476928482.36887810,2274464,6979.94910000,734803757.41858380,0
2025-06-05,104696.86000000,105909.71000000,100372.26000000,101508.68000000,22321.50154000,2025-06-05 23:59:59.999,2301567892.53054470,3963295,10005.36019000,1031668517.04271110,0
2025-06-06,101508.69000000,105333.00000000,101095.80000000,104288.44000000,15839.07385000,2025-06-06 23:59:59.999,1642382404.93557530,2709327,7655.60679000,793575821.43579320,0
2025-06-07,104288.43000000,105900.00000000,103871.09000000,105552.15000000,8344.93206000,2025-06-07 23:59:59.999,877915380.95482310,1402494,3970.01912000,417664199.19127120,0
2025-06-08,105552.15000000,106488.14000000,104964.14000000,105734.00000000,8048.06305000,2025-06-08 23:59:59.999,850887129.42829760,1295154,4361.42266000,461098506.08832400,0
2025-06-09,105734.01000000,110530.17000000,105318.37000000,110263.02000000,19975.37451000,2025-06-09 23:59:59.999,2154922022.22117280,2839846,10623.88217000,1146790065.51356160,0
2025-06-10,110263.02000000,110400.00000000,108331.03000000,110274.39000000,17071.82839000,2025-06-10 23:59:59.999,1867620550.19217290,3003420,8009.29581000,876411274.39694880,0
2025-06-11,110274.39000000,110392.01000000,108064.00000000,108645.12000000,13115.91638000,2025-06-11 23:59:59.999,1434884639.75063030,2667014,6030.96867000,659947218.00338690,0
2025-06-12,108645.13000000,108813.55000000,105671.72000000,105671.73000000,17778.67218000,2025-06-12 23:59:59.999,1908309274.08683440,3517420,8291.22648000,890420511.47044150,0
2025-06-13,105671.74000000,106179.53000000,102664.31000000,106066.59000000,26180.81734000,2025-06-13 23:59:59.999,2735461890.69297020,5452577,12793.70705000,1337300355.99521930,0
2025-06-14,106066.59000000,106252.00000000,104300.00000000,105381.45000000,8630.99553000,2025-06-14 23:59:59.999,907865035.34611470,1496334,3808.09080000,400736066.62217660,0
